"","group","pseudotime_bin_num","features","value","Geno","new_group"
"1","Kbk.1m.Un",1,"homeostatic3",2.81853100936179,"Kbk","Kbk.1m
(Un)"
"2","Kbk.1m.Un",1,"stage1_DAM1",1.67524149723909,"Kbk","Kbk.1m
(Un)"
"3","Kbk.1m.Un",1,"stage2_DAM2",0.488030008954377,"Kbk","Kbk.1m
(Un)"
"4","Kbk.1m.Un",2,"homeostatic3",2.94650783567044,"Kbk","Kbk.1m
(Un)"
"5","Kbk.1m.Un",2,"stage1_DAM1",1.5072093243162,"Kbk","Kbk.1m
(Un)"
"6","Kbk.1m.Un",2,"stage2_DAM2",0.484845576755291,"Kbk","Kbk.1m
(Un)"
"7","Kbk.1m.Un",3,"homeostatic3",2.94046442496109,"Kbk","Kbk.1m
(Un)"
"8","Kbk.1m.Un",3,"stage1_DAM1",1.59339480860461,"Kbk","Kbk.1m
(Un)"
"9","Kbk.1m.Un",3,"stage2_DAM2",0.492473198288965,"Kbk","Kbk.1m
(Un)"
"10","Kbk.1m.Un",4,"homeostatic3",2.92335961457605,"Kbk","Kbk.1m
(Un)"
"11","Kbk.1m.Un",4,"stage1_DAM1",1.57028918217689,"Kbk","Kbk.1m
(Un)"
"12","Kbk.1m.Un",4,"stage2_DAM2",0.442567354425297,"Kbk","Kbk.1m
(Un)"
"13","Kbk.1m.Un",6,"homeostatic3",3.06890763386757,"Kbk","Kbk.1m
(Un)"
"14","Kbk.1m.Un",6,"stage1_DAM1",1.6772420003484,"Kbk","Kbk.1m
(Un)"
"15","Kbk.1m.Un",6,"stage2_DAM2",0.644651799371462,"Kbk","Kbk.1m
(Un)"
"16","Kbk.1m.Un",7,"homeostatic3",2.95461165850527,"Kbk","Kbk.1m
(Un)"
"17","Kbk.1m.Un",7,"stage1_DAM1",1.67336921269941,"Kbk","Kbk.1m
(Un)"
"18","Kbk.1m.Un",7,"stage2_DAM2",0.49322075996666,"Kbk","Kbk.1m
(Un)"
"19","Kbk.1m.Un",8,"homeostatic3",2.90999560240741,"Kbk","Kbk.1m
(Un)"
"20","Kbk.1m.Un",8,"stage1_DAM1",1.99688694442451,"Kbk","Kbk.1m
(Un)"
"21","Kbk.1m.Un",8,"stage2_DAM2",0.487194197066134,"Kbk","Kbk.1m
(Un)"
"22","Kbk.1m.Un",9,"homeostatic3",2.87192093329151,"Kbk","Kbk.1m
(Un)"
"23","Kbk.1m.Un",9,"stage1_DAM1",1.49574658672807,"Kbk","Kbk.1m
(Un)"
"24","Kbk.1m.Un",9,"stage2_DAM2",0.407594428946808,"Kbk","Kbk.1m
(Un)"
"25","Kbk.1m.Un",10,"homeostatic3",2.83910639225284,"Kbk","Kbk.1m
(Un)"
"26","Kbk.1m.Un",10,"stage1_DAM1",1.40491227762619,"Kbk","Kbk.1m
(Un)"
"27","Kbk.1m.Un",10,"stage2_DAM2",0.356195358824322,"Kbk","Kbk.1m
(Un)"
"28","Kbk.1m.Un",11,"homeostatic3",2.88551630449335,"Kbk","Kbk.1m
(Un)"
"29","Kbk.1m.Un",11,"stage1_DAM1",1.40906481529899,"Kbk","Kbk.1m
(Un)"
"30","Kbk.1m.Un",11,"stage2_DAM2",0.396183893974437,"Kbk","Kbk.1m
(Un)"
"31","Kbk.1m.Un",12,"homeostatic3",2.83467855501613,"Kbk","Kbk.1m
(Un)"
"32","Kbk.1m.Un",12,"stage1_DAM1",1.41325948086012,"Kbk","Kbk.1m
(Un)"
"33","Kbk.1m.Un",12,"stage2_DAM2",0.423142793336912,"Kbk","Kbk.1m
(Un)"
"34","Kbk.1m.Un",13,"homeostatic3",2.85569222106449,"Kbk","Kbk.1m
(Un)"
"35","Kbk.1m.Un",13,"stage1_DAM1",1.43421399945991,"Kbk","Kbk.1m
(Un)"
"36","Kbk.1m.Un",13,"stage2_DAM2",0.40318082548149,"Kbk","Kbk.1m
(Un)"
"37","Kbk.1m.Un",14,"homeostatic3",2.82528725563907,"Kbk","Kbk.1m
(Un)"
"38","Kbk.1m.Un",14,"stage1_DAM1",1.46936448425811,"Kbk","Kbk.1m
(Un)"
"39","Kbk.1m.Un",14,"stage2_DAM2",0.421901609902055,"Kbk","Kbk.1m
(Un)"
"40","Kbk.1m.Un",15,"homeostatic3",2.85681367048974,"Kbk","Kbk.1m
(Un)"
"41","Kbk.1m.Un",15,"stage1_DAM1",1.58668138645343,"Kbk","Kbk.1m
(Un)"
"42","Kbk.1m.Un",15,"stage2_DAM2",0.447231422096996,"Kbk","Kbk.1m
(Un)"
"43","Kbk.1m.Un",16,"homeostatic3",2.85608603860244,"Kbk","Kbk.1m
(Un)"
"44","Kbk.1m.Un",16,"stage1_DAM1",1.59346212215327,"Kbk","Kbk.1m
(Un)"
"45","Kbk.1m.Un",16,"stage2_DAM2",0.450330504636421,"Kbk","Kbk.1m
(Un)"
"46","Kbk.1m.Un",17,"homeostatic3",2.84719930826133,"Kbk","Kbk.1m
(Un)"
"47","Kbk.1m.Un",17,"stage1_DAM1",1.45155812108333,"Kbk","Kbk.1m
(Un)"
"48","Kbk.1m.Un",17,"stage2_DAM2",0.44865293589075,"Kbk","Kbk.1m
(Un)"
"49","Kbk.1m.Un",18,"homeostatic3",2.8274853541572,"Kbk","Kbk.1m
(Un)"
"50","Kbk.1m.Un",18,"stage1_DAM1",1.52458071715514,"Kbk","Kbk.1m
(Un)"
"51","Kbk.1m.Un",18,"stage2_DAM2",0.468304193509685,"Kbk","Kbk.1m
(Un)"
"52","Kbk.1m.Un",19,"homeostatic3",2.88273218300103,"Kbk","Kbk.1m
(Un)"
"53","Kbk.1m.Un",19,"stage1_DAM1",1.40748848277463,"Kbk","Kbk.1m
(Un)"
"54","Kbk.1m.Un",19,"stage2_DAM2",0.442356373540456,"Kbk","Kbk.1m
(Un)"
"55","Kbk.1m.Un",20,"homeostatic3",2.86781499660073,"Kbk","Kbk.1m
(Un)"
"56","Kbk.1m.Un",20,"stage1_DAM1",1.43150697288302,"Kbk","Kbk.1m
(Un)"
"57","Kbk.1m.Un",20,"stage2_DAM2",0.430740777054515,"Kbk","Kbk.1m
(Un)"
"58","Kbk.1m.Un",21,"homeostatic3",2.89323210987132,"Kbk","Kbk.1m
(Un)"
"59","Kbk.1m.Un",21,"stage1_DAM1",1.48432290522721,"Kbk","Kbk.1m
(Un)"
"60","Kbk.1m.Un",21,"stage2_DAM2",0.484508254898968,"Kbk","Kbk.1m
(Un)"
"61","Kbk.1m.Un",22,"homeostatic3",2.8732095950692,"Kbk","Kbk.1m
(Un)"
"62","Kbk.1m.Un",22,"stage1_DAM1",1.54193354169981,"Kbk","Kbk.1m
(Un)"
"63","Kbk.1m.Un",22,"stage2_DAM2",0.500277736542283,"Kbk","Kbk.1m
(Un)"
"64","Kbk.1m.Un",23,"homeostatic3",2.87816230194259,"Kbk","Kbk.1m
(Un)"
"65","Kbk.1m.Un",23,"stage1_DAM1",1.50292215892887,"Kbk","Kbk.1m
(Un)"
"66","Kbk.1m.Un",23,"stage2_DAM2",0.465652624452523,"Kbk","Kbk.1m
(Un)"
"67","Kbk.1m.Un",24,"homeostatic3",2.56193594261907,"Kbk","Kbk.1m
(Un)"
"68","Kbk.1m.Un",24,"stage1_DAM1",1.56938762555336,"Kbk","Kbk.1m
(Un)"
"69","Kbk.1m.Un",24,"stage2_DAM2",0.375508842532803,"Kbk","Kbk.1m
(Un)"
"70","Kbk.1m.Un",25,"homeostatic3",2.81648374668182,"Kbk","Kbk.1m
(Un)"
"71","Kbk.1m.Un",25,"stage1_DAM1",2.23547377348353,"Kbk","Kbk.1m
(Un)"
"72","Kbk.1m.Un",25,"stage2_DAM2",0.861881979240357,"Kbk","Kbk.1m
(Un)"
"73","Kbk.3m.DCF",1,"homeostatic3",2.83420584636339,"Kbk","Kbk.3m
(HPBCD)"
"74","Kbk.3m.DCF",1,"stage1_DAM1",1.71357349887929,"Kbk","Kbk.3m
(HPBCD)"
"75","Kbk.3m.DCF",1,"stage2_DAM2",0.481405957015492,"Kbk","Kbk.3m
(HPBCD)"
"76","Kbk.3m.DCF",2,"homeostatic3",3.02384904062678,"Kbk","Kbk.3m
(HPBCD)"
"77","Kbk.3m.DCF",2,"stage1_DAM1",1.52913665360405,"Kbk","Kbk.3m
(HPBCD)"
"78","Kbk.3m.DCF",2,"stage2_DAM2",0.597702779070928,"Kbk","Kbk.3m
(HPBCD)"
"79","Kbk.3m.DCF",3,"homeostatic3",2.96366703209942,"Kbk","Kbk.3m
(HPBCD)"
"80","Kbk.3m.DCF",3,"stage1_DAM1",1.58852018465966,"Kbk","Kbk.3m
(HPBCD)"
"81","Kbk.3m.DCF",3,"stage2_DAM2",0.544107024243338,"Kbk","Kbk.3m
(HPBCD)"
"82","Kbk.3m.DCF",4,"homeostatic3",2.9849645493887,"Kbk","Kbk.3m
(HPBCD)"
"83","Kbk.3m.DCF",4,"stage1_DAM1",1.68500381668918,"Kbk","Kbk.3m
(HPBCD)"
"84","Kbk.3m.DCF",4,"stage2_DAM2",0.565058466277073,"Kbk","Kbk.3m
(HPBCD)"
"85","Kbk.3m.DCF",6,"homeostatic3",3.01835938277228,"Kbk","Kbk.3m
(HPBCD)"
"86","Kbk.3m.DCF",6,"stage1_DAM1",1.69414558696079,"Kbk","Kbk.3m
(HPBCD)"
"87","Kbk.3m.DCF",6,"stage2_DAM2",0.632316904290124,"Kbk","Kbk.3m
(HPBCD)"
"88","Kbk.3m.DCF",7,"homeostatic3",2.88147502612271,"Kbk","Kbk.3m
(HPBCD)"
"89","Kbk.3m.DCF",7,"stage1_DAM1",1.57252972114715,"Kbk","Kbk.3m
(HPBCD)"
"90","Kbk.3m.DCF",7,"stage2_DAM2",0.443212213451165,"Kbk","Kbk.3m
(HPBCD)"
"91","Kbk.3m.DCF",8,"homeostatic3",2.88808286413899,"Kbk","Kbk.3m
(HPBCD)"
"92","Kbk.3m.DCF",8,"stage1_DAM1",1.53832883857715,"Kbk","Kbk.3m
(HPBCD)"
"93","Kbk.3m.DCF",8,"stage2_DAM2",0.479773979452594,"Kbk","Kbk.3m
(HPBCD)"
"94","Kbk.3m.DCF",9,"homeostatic3",2.8362179047462,"Kbk","Kbk.3m
(HPBCD)"
"95","Kbk.3m.DCF",9,"stage1_DAM1",1.58707898618575,"Kbk","Kbk.3m
(HPBCD)"
"96","Kbk.3m.DCF",9,"stage2_DAM2",0.474221183339757,"Kbk","Kbk.3m
(HPBCD)"
"97","Kbk.3m.DCF",10,"homeostatic3",2.8364182423257,"Kbk","Kbk.3m
(HPBCD)"
"98","Kbk.3m.DCF",10,"stage1_DAM1",1.57640245456888,"Kbk","Kbk.3m
(HPBCD)"
"99","Kbk.3m.DCF",10,"stage2_DAM2",0.429944083656813,"Kbk","Kbk.3m
(HPBCD)"
"100","Kbk.3m.DCF",11,"homeostatic3",2.95830529448906,"Kbk","Kbk.3m
(HPBCD)"
"101","Kbk.3m.DCF",11,"stage1_DAM1",1.45999620642879,"Kbk","Kbk.3m
(HPBCD)"
"102","Kbk.3m.DCF",11,"stage2_DAM2",0.487780323534968,"Kbk","Kbk.3m
(HPBCD)"
"103","Kbk.3m.DCF",12,"homeostatic3",2.87843904300495,"Kbk","Kbk.3m
(HPBCD)"
"104","Kbk.3m.DCF",12,"stage1_DAM1",1.46892634953661,"Kbk","Kbk.3m
(HPBCD)"
"105","Kbk.3m.DCF",12,"stage2_DAM2",0.463095947240749,"Kbk","Kbk.3m
(HPBCD)"
"106","Kbk.3m.DCF",13,"homeostatic3",2.92825620136714,"Kbk","Kbk.3m
(HPBCD)"
"107","Kbk.3m.DCF",13,"stage1_DAM1",1.56357271846245,"Kbk","Kbk.3m
(HPBCD)"
"108","Kbk.3m.DCF",13,"stage2_DAM2",0.470690131306735,"Kbk","Kbk.3m
(HPBCD)"
"109","Kbk.3m.DCF",14,"homeostatic3",2.87807504252546,"Kbk","Kbk.3m
(HPBCD)"
"110","Kbk.3m.DCF",14,"stage1_DAM1",1.48980094325224,"Kbk","Kbk.3m
(HPBCD)"
"111","Kbk.3m.DCF",14,"stage2_DAM2",0.494004020914606,"Kbk","Kbk.3m
(HPBCD)"
"112","Kbk.3m.DCF",15,"homeostatic3",2.89955552021152,"Kbk","Kbk.3m
(HPBCD)"
"113","Kbk.3m.DCF",15,"stage1_DAM1",1.48160095412645,"Kbk","Kbk.3m
(HPBCD)"
"114","Kbk.3m.DCF",15,"stage2_DAM2",0.501512797139618,"Kbk","Kbk.3m
(HPBCD)"
"115","Kbk.3m.DCF",16,"homeostatic3",2.89691741670032,"Kbk","Kbk.3m
(HPBCD)"
"116","Kbk.3m.DCF",16,"stage1_DAM1",1.62543750942883,"Kbk","Kbk.3m
(HPBCD)"
"117","Kbk.3m.DCF",16,"stage2_DAM2",0.521315193721111,"Kbk","Kbk.3m
(HPBCD)"
"118","Kbk.3m.DCF",17,"homeostatic3",2.86855468845667,"Kbk","Kbk.3m
(HPBCD)"
"119","Kbk.3m.DCF",17,"stage1_DAM1",1.50332561323315,"Kbk","Kbk.3m
(HPBCD)"
"120","Kbk.3m.DCF",17,"stage2_DAM2",0.484755585314171,"Kbk","Kbk.3m
(HPBCD)"
"121","Kbk.3m.DCF",18,"homeostatic3",2.91460186137196,"Kbk","Kbk.3m
(HPBCD)"
"122","Kbk.3m.DCF",18,"stage1_DAM1",1.45644761864439,"Kbk","Kbk.3m
(HPBCD)"
"123","Kbk.3m.DCF",18,"stage2_DAM2",0.487253916769608,"Kbk","Kbk.3m
(HPBCD)"
"124","Kbk.3m.DCF",19,"homeostatic3",2.90264348502484,"Kbk","Kbk.3m
(HPBCD)"
"125","Kbk.3m.DCF",19,"stage1_DAM1",1.38773910018263,"Kbk","Kbk.3m
(HPBCD)"
"126","Kbk.3m.DCF",19,"stage2_DAM2",0.524083984543712,"Kbk","Kbk.3m
(HPBCD)"
"127","Kbk.3m.DCF",20,"homeostatic3",2.90101148923043,"Kbk","Kbk.3m
(HPBCD)"
"128","Kbk.3m.DCF",20,"stage1_DAM1",1.46008294718237,"Kbk","Kbk.3m
(HPBCD)"
"129","Kbk.3m.DCF",20,"stage2_DAM2",0.525480192594281,"Kbk","Kbk.3m
(HPBCD)"
"130","Kbk.3m.DCF",21,"homeostatic3",2.91519710085349,"Kbk","Kbk.3m
(HPBCD)"
"131","Kbk.3m.DCF",21,"stage1_DAM1",1.49963119437894,"Kbk","Kbk.3m
(HPBCD)"
"132","Kbk.3m.DCF",21,"stage2_DAM2",0.525774195111547,"Kbk","Kbk.3m
(HPBCD)"
"133","Kbk.3m.DCF",22,"homeostatic3",2.90355080874376,"Kbk","Kbk.3m
(HPBCD)"
"134","Kbk.3m.DCF",22,"stage1_DAM1",1.53749864544192,"Kbk","Kbk.3m
(HPBCD)"
"135","Kbk.3m.DCF",22,"stage2_DAM2",0.535427501122434,"Kbk","Kbk.3m
(HPBCD)"
"136","Kbk.3m.DCF",23,"homeostatic3",2.89246348579337,"Kbk","Kbk.3m
(HPBCD)"
"137","Kbk.3m.DCF",23,"stage1_DAM1",1.55107103632835,"Kbk","Kbk.3m
(HPBCD)"
"138","Kbk.3m.DCF",23,"stage2_DAM2",0.50075641242693,"Kbk","Kbk.3m
(HPBCD)"
"139","Kbk.3m.DCF",24,"homeostatic3",2.56982746628491,"Kbk","Kbk.3m
(HPBCD)"
"140","Kbk.3m.DCF",24,"stage1_DAM1",1.65872678857583,"Kbk","Kbk.3m
(HPBCD)"
"141","Kbk.3m.DCF",24,"stage2_DAM2",0.314747789839507,"Kbk","Kbk.3m
(HPBCD)"
"142","Kbk.3m.DCF",25,"homeostatic3",3.02250338133462,"Kbk","Kbk.3m
(HPBCD)"
"143","Kbk.3m.DCF",25,"stage1_DAM1",1.71752747318882,"Kbk","Kbk.3m
(HPBCD)"
"144","Kbk.3m.DCF",25,"stage2_DAM2",0.574197087871579,"Kbk","Kbk.3m
(HPBCD)"
"145","Kbk.3m.DMSO_PEG",1,"homeostatic3",2.93947428732034,"Kbk","Kbk.3m
(PEG)"
"146","Kbk.3m.DMSO_PEG",1,"stage1_DAM1",1.63223327921644,"Kbk","Kbk.3m
(PEG)"
"147","Kbk.3m.DMSO_PEG",1,"stage2_DAM2",0.465957466651066,"Kbk","Kbk.3m
(PEG)"
"148","Kbk.3m.DMSO_PEG",2,"homeostatic3",2.97500305229744,"Kbk","Kbk.3m
(PEG)"
"149","Kbk.3m.DMSO_PEG",2,"stage1_DAM1",1.52022462462413,"Kbk","Kbk.3m
(PEG)"
"150","Kbk.3m.DMSO_PEG",2,"stage2_DAM2",0.593468375190355,"Kbk","Kbk.3m
(PEG)"
"151","Kbk.3m.DMSO_PEG",3,"homeostatic3",2.95999708572851,"Kbk","Kbk.3m
(PEG)"
"152","Kbk.3m.DMSO_PEG",3,"stage1_DAM1",1.57613845258886,"Kbk","Kbk.3m
(PEG)"
"153","Kbk.3m.DMSO_PEG",3,"stage2_DAM2",0.51588659072798,"Kbk","Kbk.3m
(PEG)"
"154","Kbk.3m.DMSO_PEG",4,"homeostatic3",2.97120321236666,"Kbk","Kbk.3m
(PEG)"
"155","Kbk.3m.DMSO_PEG",4,"stage1_DAM1",1.60473547938459,"Kbk","Kbk.3m
(PEG)"
"156","Kbk.3m.DMSO_PEG",4,"stage2_DAM2",0.536032852930957,"Kbk","Kbk.3m
(PEG)"
"157","Kbk.3m.DMSO_PEG",6,"homeostatic3",3.03686557002494,"Kbk","Kbk.3m
(PEG)"
"158","Kbk.3m.DMSO_PEG",6,"stage1_DAM1",1.49430481594537,"Kbk","Kbk.3m
(PEG)"
"159","Kbk.3m.DMSO_PEG",6,"stage2_DAM2",0.62623002418991,"Kbk","Kbk.3m
(PEG)"
"160","Kbk.3m.DMSO_PEG",7,"homeostatic3",2.85645790600869,"Kbk","Kbk.3m
(PEG)"
"161","Kbk.3m.DMSO_PEG",7,"stage1_DAM1",1.68540127748099,"Kbk","Kbk.3m
(PEG)"
"162","Kbk.3m.DMSO_PEG",7,"stage2_DAM2",0.562484898823413,"Kbk","Kbk.3m
(PEG)"
"163","Kbk.3m.DMSO_PEG",8,"homeostatic3",2.98971865740135,"Kbk","Kbk.3m
(PEG)"
"164","Kbk.3m.DMSO_PEG",8,"stage1_DAM1",1.62166049956481,"Kbk","Kbk.3m
(PEG)"
"165","Kbk.3m.DMSO_PEG",8,"stage2_DAM2",0.536781355988937,"Kbk","Kbk.3m
(PEG)"
"166","Kbk.3m.DMSO_PEG",9,"homeostatic3",2.85901949890973,"Kbk","Kbk.3m
(PEG)"
"167","Kbk.3m.DMSO_PEG",9,"stage1_DAM1",1.5843749398218,"Kbk","Kbk.3m
(PEG)"
"168","Kbk.3m.DMSO_PEG",9,"stage2_DAM2",0.51113543997839,"Kbk","Kbk.3m
(PEG)"
"169","Kbk.3m.DMSO_PEG",10,"homeostatic3",2.87817968777718,"Kbk","Kbk.3m
(PEG)"
"170","Kbk.3m.DMSO_PEG",10,"stage1_DAM1",1.47249654922694,"Kbk","Kbk.3m
(PEG)"
"171","Kbk.3m.DMSO_PEG",10,"stage2_DAM2",0.441850195952719,"Kbk","Kbk.3m
(PEG)"
"172","Kbk.3m.DMSO_PEG",11,"homeostatic3",2.90700715890231,"Kbk","Kbk.3m
(PEG)"
"173","Kbk.3m.DMSO_PEG",11,"stage1_DAM1",1.44336077929855,"Kbk","Kbk.3m
(PEG)"
"174","Kbk.3m.DMSO_PEG",11,"stage2_DAM2",0.466290295266856,"Kbk","Kbk.3m
(PEG)"
"175","Kbk.3m.DMSO_PEG",12,"homeostatic3",2.86494181167221,"Kbk","Kbk.3m
(PEG)"
"176","Kbk.3m.DMSO_PEG",12,"stage1_DAM1",1.42769846160961,"Kbk","Kbk.3m
(PEG)"
"177","Kbk.3m.DMSO_PEG",12,"stage2_DAM2",0.437596656236044,"Kbk","Kbk.3m
(PEG)"
"178","Kbk.3m.DMSO_PEG",13,"homeostatic3",2.93653471614261,"Kbk","Kbk.3m
(PEG)"
"179","Kbk.3m.DMSO_PEG",13,"stage1_DAM1",1.47111210313231,"Kbk","Kbk.3m
(PEG)"
"180","Kbk.3m.DMSO_PEG",13,"stage2_DAM2",0.491246991649048,"Kbk","Kbk.3m
(PEG)"
"181","Kbk.3m.DMSO_PEG",14,"homeostatic3",2.88756463695532,"Kbk","Kbk.3m
(PEG)"
"182","Kbk.3m.DMSO_PEG",14,"stage1_DAM1",1.51936323530803,"Kbk","Kbk.3m
(PEG)"
"183","Kbk.3m.DMSO_PEG",14,"stage2_DAM2",0.475672559664749,"Kbk","Kbk.3m
(PEG)"
"184","Kbk.3m.DMSO_PEG",15,"homeostatic3",2.89430265117663,"Kbk","Kbk.3m
(PEG)"
"185","Kbk.3m.DMSO_PEG",15,"stage1_DAM1",1.48819219034457,"Kbk","Kbk.3m
(PEG)"
"186","Kbk.3m.DMSO_PEG",15,"stage2_DAM2",0.49882353839181,"Kbk","Kbk.3m
(PEG)"
"187","Kbk.3m.DMSO_PEG",16,"homeostatic3",2.8845820642975,"Kbk","Kbk.3m
(PEG)"
"188","Kbk.3m.DMSO_PEG",16,"stage1_DAM1",1.71615728501612,"Kbk","Kbk.3m
(PEG)"
"189","Kbk.3m.DMSO_PEG",16,"stage2_DAM2",0.528978994570501,"Kbk","Kbk.3m
(PEG)"
"190","Kbk.3m.DMSO_PEG",17,"homeostatic3",2.8897045749067,"Kbk","Kbk.3m
(PEG)"
"191","Kbk.3m.DMSO_PEG",17,"stage1_DAM1",1.49378133852862,"Kbk","Kbk.3m
(PEG)"
"192","Kbk.3m.DMSO_PEG",17,"stage2_DAM2",0.501912603084451,"Kbk","Kbk.3m
(PEG)"
"193","Kbk.3m.DMSO_PEG",18,"homeostatic3",2.8843182069621,"Kbk","Kbk.3m
(PEG)"
"194","Kbk.3m.DMSO_PEG",18,"stage1_DAM1",1.42812550226105,"Kbk","Kbk.3m
(PEG)"
"195","Kbk.3m.DMSO_PEG",18,"stage2_DAM2",0.488697291429547,"Kbk","Kbk.3m
(PEG)"
"196","Kbk.3m.DMSO_PEG",19,"homeostatic3",2.9133017402516,"Kbk","Kbk.3m
(PEG)"
"197","Kbk.3m.DMSO_PEG",19,"stage1_DAM1",1.43233880060497,"Kbk","Kbk.3m
(PEG)"
"198","Kbk.3m.DMSO_PEG",19,"stage2_DAM2",0.513991614511675,"Kbk","Kbk.3m
(PEG)"
"199","Kbk.3m.DMSO_PEG",20,"homeostatic3",2.90262057396104,"Kbk","Kbk.3m
(PEG)"
"200","Kbk.3m.DMSO_PEG",20,"stage1_DAM1",1.46735264706199,"Kbk","Kbk.3m
(PEG)"
"201","Kbk.3m.DMSO_PEG",20,"stage2_DAM2",0.533725912947936,"Kbk","Kbk.3m
(PEG)"
"202","Kbk.3m.DMSO_PEG",21,"homeostatic3",2.89722483152987,"Kbk","Kbk.3m
(PEG)"
"203","Kbk.3m.DMSO_PEG",21,"stage1_DAM1",1.45289239682476,"Kbk","Kbk.3m
(PEG)"
"204","Kbk.3m.DMSO_PEG",21,"stage2_DAM2",0.516326321339303,"Kbk","Kbk.3m
(PEG)"
"205","Kbk.3m.DMSO_PEG",22,"homeostatic3",2.92725271852205,"Kbk","Kbk.3m
(PEG)"
"206","Kbk.3m.DMSO_PEG",22,"stage1_DAM1",1.49612832206976,"Kbk","Kbk.3m
(PEG)"
"207","Kbk.3m.DMSO_PEG",22,"stage2_DAM2",0.530703765083975,"Kbk","Kbk.3m
(PEG)"
"208","Kbk.3m.DMSO_PEG",23,"homeostatic3",2.91679226832841,"Kbk","Kbk.3m
(PEG)"
"209","Kbk.3m.DMSO_PEG",23,"stage1_DAM1",1.48626688412095,"Kbk","Kbk.3m
(PEG)"
"210","Kbk.3m.DMSO_PEG",23,"stage2_DAM2",0.508712944058423,"Kbk","Kbk.3m
(PEG)"
"211","Kbk.3m.DMSO_PEG",24,"homeostatic3",2.76283541952364,"Kbk","Kbk.3m
(PEG)"
"212","Kbk.3m.DMSO_PEG",24,"stage1_DAM1",1.6645587586253,"Kbk","Kbk.3m
(PEG)"
"213","Kbk.3m.DMSO_PEG",24,"stage2_DAM2",0.458641732793834,"Kbk","Kbk.3m
(PEG)"
"214","Kbk.3m.DMSO_PEG",25,"homeostatic3",2.95816401400226,"Kbk","Kbk.3m
(PEG)"
"215","Kbk.3m.DMSO_PEG",25,"stage1_DAM1",1.9044300597275,"Kbk","Kbk.3m
(PEG)"
"216","Kbk.3m.DMSO_PEG",25,"stage2_DAM2",0.727180855369376,"Kbk","Kbk.3m
(PEG)"
"217","Kbk.3m.TCF",1,"homeostatic3",2.86398157745039,"Kbk","Kbk.3m
(TCF)"
"218","Kbk.3m.TCF",1,"stage1_DAM1",1.67369391130217,"Kbk","Kbk.3m
(TCF)"
"219","Kbk.3m.TCF",1,"stage2_DAM2",0.475836802227847,"Kbk","Kbk.3m
(TCF)"
"220","Kbk.3m.TCF",2,"homeostatic3",2.89872512415813,"Kbk","Kbk.3m
(TCF)"
"221","Kbk.3m.TCF",2,"stage1_DAM1",1.50222942621301,"Kbk","Kbk.3m
(TCF)"
"222","Kbk.3m.TCF",2,"stage2_DAM2",0.481937359335947,"Kbk","Kbk.3m
(TCF)"
"223","Kbk.3m.TCF",3,"homeostatic3",2.94985508512767,"Kbk","Kbk.3m
(TCF)"
"224","Kbk.3m.TCF",3,"stage1_DAM1",1.60472497616346,"Kbk","Kbk.3m
(TCF)"
"225","Kbk.3m.TCF",3,"stage2_DAM2",0.524877370355067,"Kbk","Kbk.3m
(TCF)"
"226","Kbk.3m.TCF",4,"homeostatic3",2.91783831604903,"Kbk","Kbk.3m
(TCF)"
"227","Kbk.3m.TCF",4,"stage1_DAM1",1.63071301282096,"Kbk","Kbk.3m
(TCF)"
"228","Kbk.3m.TCF",4,"stage2_DAM2",0.539088844234725,"Kbk","Kbk.3m
(TCF)"
"229","Kbk.3m.TCF",6,"homeostatic3",2.96094539093557,"Kbk","Kbk.3m
(TCF)"
"230","Kbk.3m.TCF",6,"stage1_DAM1",1.74534848889537,"Kbk","Kbk.3m
(TCF)"
"231","Kbk.3m.TCF",6,"stage2_DAM2",0.58451817226794,"Kbk","Kbk.3m
(TCF)"
"232","Kbk.3m.TCF",7,"homeostatic3",2.93948087171314,"Kbk","Kbk.3m
(TCF)"
"233","Kbk.3m.TCF",7,"stage1_DAM1",1.62740936504307,"Kbk","Kbk.3m
(TCF)"
"234","Kbk.3m.TCF",7,"stage2_DAM2",0.512931856564683,"Kbk","Kbk.3m
(TCF)"
"235","Kbk.3m.TCF",8,"homeostatic3",2.93025727383286,"Kbk","Kbk.3m
(TCF)"
"236","Kbk.3m.TCF",8,"stage1_DAM1",1.57123068897234,"Kbk","Kbk.3m
(TCF)"
"237","Kbk.3m.TCF",8,"stage2_DAM2",0.53298750297181,"Kbk","Kbk.3m
(TCF)"
"238","Kbk.3m.TCF",9,"homeostatic3",2.88712920207602,"Kbk","Kbk.3m
(TCF)"
"239","Kbk.3m.TCF",9,"stage1_DAM1",1.54140988512502,"Kbk","Kbk.3m
(TCF)"
"240","Kbk.3m.TCF",9,"stage2_DAM2",0.46703171506439,"Kbk","Kbk.3m
(TCF)"
"241","Kbk.3m.TCF",10,"homeostatic3",2.80400164515996,"Kbk","Kbk.3m
(TCF)"
"242","Kbk.3m.TCF",10,"stage1_DAM1",1.46235245852524,"Kbk","Kbk.3m
(TCF)"
"243","Kbk.3m.TCF",10,"stage2_DAM2",0.42426400084707,"Kbk","Kbk.3m
(TCF)"
"244","Kbk.3m.TCF",11,"homeostatic3",2.83806758626737,"Kbk","Kbk.3m
(TCF)"
"245","Kbk.3m.TCF",11,"stage1_DAM1",1.49553838766879,"Kbk","Kbk.3m
(TCF)"
"246","Kbk.3m.TCF",11,"stage2_DAM2",0.431687221491474,"Kbk","Kbk.3m
(TCF)"
"247","Kbk.3m.TCF",12,"homeostatic3",2.83514181554411,"Kbk","Kbk.3m
(TCF)"
"248","Kbk.3m.TCF",12,"stage1_DAM1",1.46054894492474,"Kbk","Kbk.3m
(TCF)"
"249","Kbk.3m.TCF",12,"stage2_DAM2",0.43708309679565,"Kbk","Kbk.3m
(TCF)"
"250","Kbk.3m.TCF",13,"homeostatic3",2.85312522869891,"Kbk","Kbk.3m
(TCF)"
"251","Kbk.3m.TCF",13,"stage1_DAM1",1.45330164958155,"Kbk","Kbk.3m
(TCF)"
"252","Kbk.3m.TCF",13,"stage2_DAM2",0.470120568972937,"Kbk","Kbk.3m
(TCF)"
"253","Kbk.3m.TCF",14,"homeostatic3",2.85793813188029,"Kbk","Kbk.3m
(TCF)"
"254","Kbk.3m.TCF",14,"stage1_DAM1",1.50647479922129,"Kbk","Kbk.3m
(TCF)"
"255","Kbk.3m.TCF",14,"stage2_DAM2",0.465626633056739,"Kbk","Kbk.3m
(TCF)"
"256","Kbk.3m.TCF",15,"homeostatic3",2.88046326533982,"Kbk","Kbk.3m
(TCF)"
"257","Kbk.3m.TCF",15,"stage1_DAM1",1.47999579659811,"Kbk","Kbk.3m
(TCF)"
"258","Kbk.3m.TCF",15,"stage2_DAM2",0.494097092987678,"Kbk","Kbk.3m
(TCF)"
"259","Kbk.3m.TCF",16,"homeostatic3",2.85888894214665,"Kbk","Kbk.3m
(TCF)"
"260","Kbk.3m.TCF",16,"stage1_DAM1",1.59293713612338,"Kbk","Kbk.3m
(TCF)"
"261","Kbk.3m.TCF",16,"stage2_DAM2",0.517376870599356,"Kbk","Kbk.3m
(TCF)"
"262","Kbk.3m.TCF",17,"homeostatic3",2.85243556792126,"Kbk","Kbk.3m
(TCF)"
"263","Kbk.3m.TCF",17,"stage1_DAM1",1.4393547897573,"Kbk","Kbk.3m
(TCF)"
"264","Kbk.3m.TCF",17,"stage2_DAM2",0.457865124751496,"Kbk","Kbk.3m
(TCF)"
"265","Kbk.3m.TCF",18,"homeostatic3",2.8522176672974,"Kbk","Kbk.3m
(TCF)"
"266","Kbk.3m.TCF",18,"stage1_DAM1",1.54433657772557,"Kbk","Kbk.3m
(TCF)"
"267","Kbk.3m.TCF",18,"stage2_DAM2",0.485810261490281,"Kbk","Kbk.3m
(TCF)"
"268","Kbk.3m.TCF",19,"homeostatic3",2.87274002084418,"Kbk","Kbk.3m
(TCF)"
"269","Kbk.3m.TCF",19,"stage1_DAM1",1.53632975488758,"Kbk","Kbk.3m
(TCF)"
"270","Kbk.3m.TCF",19,"stage2_DAM2",0.507482285644578,"Kbk","Kbk.3m
(TCF)"
"271","Kbk.3m.TCF",20,"homeostatic3",2.89911723987986,"Kbk","Kbk.3m
(TCF)"
"272","Kbk.3m.TCF",20,"stage1_DAM1",1.63779241108849,"Kbk","Kbk.3m
(TCF)"
"273","Kbk.3m.TCF",20,"stage2_DAM2",0.56474542940404,"Kbk","Kbk.3m
(TCF)"
"274","Kbk.3m.TCF",21,"homeostatic3",2.85051744056942,"Kbk","Kbk.3m
(TCF)"
"275","Kbk.3m.TCF",21,"stage1_DAM1",1.65715136939673,"Kbk","Kbk.3m
(TCF)"
"276","Kbk.3m.TCF",21,"stage2_DAM2",0.524792980259587,"Kbk","Kbk.3m
(TCF)"
"277","Kbk.3m.TCF",22,"homeostatic3",2.86324233642561,"Kbk","Kbk.3m
(TCF)"
"278","Kbk.3m.TCF",22,"stage1_DAM1",1.78318356070244,"Kbk","Kbk.3m
(TCF)"
"279","Kbk.3m.TCF",22,"stage2_DAM2",0.590574207168388,"Kbk","Kbk.3m
(TCF)"
"280","Kbk.3m.TCF",23,"homeostatic3",2.91274871780702,"Kbk","Kbk.3m
(TCF)"
"281","Kbk.3m.TCF",23,"stage1_DAM1",1.54532432030784,"Kbk","Kbk.3m
(TCF)"
"282","Kbk.3m.TCF",23,"stage2_DAM2",0.505549458410895,"Kbk","Kbk.3m
(TCF)"
"283","Kbk.3m.TCF",24,"homeostatic3",2.41087853938306,"Kbk","Kbk.3m
(TCF)"
"284","Kbk.3m.TCF",24,"stage1_DAM1",1.78449138855987,"Kbk","Kbk.3m
(TCF)"
"285","Kbk.3m.TCF",24,"stage2_DAM2",0.340855844444163,"Kbk","Kbk.3m
(TCF)"
"286","Kbk.3m.TCF",25,"homeostatic3",2.92125655242245,"Kbk","Kbk.3m
(TCF)"
"287","Kbk.3m.TCF",25,"stage1_DAM1",1.94602523331859,"Kbk","Kbk.3m
(TCF)"
"288","Kbk.3m.TCF",25,"stage2_DAM2",0.653969225294909,"Kbk","Kbk.3m
(TCF)"
"289","Kbk.3m.Un",1,"homeostatic3",2.9356274912307,"Kbk","Kbk.3m
(Un)"
"290","Kbk.3m.Un",1,"stage1_DAM1",1.84902669714374,"Kbk","Kbk.3m
(Un)"
"291","Kbk.3m.Un",1,"stage2_DAM2",0.582417685335647,"Kbk","Kbk.3m
(Un)"
"292","Kbk.3m.Un",2,"homeostatic3",2.9511377764227,"Kbk","Kbk.3m
(Un)"
"293","Kbk.3m.Un",2,"stage1_DAM1",1.56114656714043,"Kbk","Kbk.3m
(Un)"
"294","Kbk.3m.Un",2,"stage2_DAM2",0.585034737162078,"Kbk","Kbk.3m
(Un)"
"295","Kbk.3m.Un",3,"homeostatic3",2.99845801224616,"Kbk","Kbk.3m
(Un)"
"296","Kbk.3m.Un",3,"stage1_DAM1",1.59093757399698,"Kbk","Kbk.3m
(Un)"
"297","Kbk.3m.Un",3,"stage2_DAM2",0.542487553814584,"Kbk","Kbk.3m
(Un)"
"298","Kbk.3m.Un",4,"homeostatic3",2.9618442177632,"Kbk","Kbk.3m
(Un)"
"299","Kbk.3m.Un",4,"stage1_DAM1",1.62446511577591,"Kbk","Kbk.3m
(Un)"
"300","Kbk.3m.Un",4,"stage2_DAM2",0.509606895473794,"Kbk","Kbk.3m
(Un)"
"301","Kbk.3m.Un",6,"homeostatic3",3.16563498371823,"Kbk","Kbk.3m
(Un)"
"302","Kbk.3m.Un",6,"stage1_DAM1",1.79254530667499,"Kbk","Kbk.3m
(Un)"
"303","Kbk.3m.Un",6,"stage2_DAM2",0.793811315196448,"Kbk","Kbk.3m
(Un)"
"304","Kbk.3m.Un",7,"homeostatic3",3.01794630920308,"Kbk","Kbk.3m
(Un)"
"305","Kbk.3m.Un",7,"stage1_DAM1",1.61640507446566,"Kbk","Kbk.3m
(Un)"
"306","Kbk.3m.Un",7,"stage2_DAM2",0.58972403106221,"Kbk","Kbk.3m
(Un)"
"307","Kbk.3m.Un",9,"homeostatic3",2.93731836046375,"Kbk","Kbk.3m
(Un)"
"308","Kbk.3m.Un",9,"stage1_DAM1",1.60751930313629,"Kbk","Kbk.3m
(Un)"
"309","Kbk.3m.Un",9,"stage2_DAM2",0.535093990630243,"Kbk","Kbk.3m
(Un)"
"310","Kbk.3m.Un",10,"homeostatic3",2.94583816062164,"Kbk","Kbk.3m
(Un)"
"311","Kbk.3m.Un",10,"stage1_DAM1",1.4833542156988,"Kbk","Kbk.3m
(Un)"
"312","Kbk.3m.Un",10,"stage2_DAM2",0.474387620811774,"Kbk","Kbk.3m
(Un)"
"313","Kbk.3m.Un",11,"homeostatic3",2.90115257307992,"Kbk","Kbk.3m
(Un)"
"314","Kbk.3m.Un",11,"stage1_DAM1",1.49344172517507,"Kbk","Kbk.3m
(Un)"
"315","Kbk.3m.Un",11,"stage2_DAM2",0.465528875956291,"Kbk","Kbk.3m
(Un)"
"316","Kbk.3m.Un",12,"homeostatic3",2.85672259847143,"Kbk","Kbk.3m
(Un)"
"317","Kbk.3m.Un",12,"stage1_DAM1",1.57226306915384,"Kbk","Kbk.3m
(Un)"
"318","Kbk.3m.Un",12,"stage2_DAM2",0.529624066359056,"Kbk","Kbk.3m
(Un)"
"319","Kbk.3m.Un",13,"homeostatic3",2.89502875778458,"Kbk","Kbk.3m
(Un)"
"320","Kbk.3m.Un",13,"stage1_DAM1",1.51938374227443,"Kbk","Kbk.3m
(Un)"
"321","Kbk.3m.Un",13,"stage2_DAM2",0.482736932265104,"Kbk","Kbk.3m
(Un)"
"322","Kbk.3m.Un",14,"homeostatic3",2.9001374168464,"Kbk","Kbk.3m
(Un)"
"323","Kbk.3m.Un",14,"stage1_DAM1",1.50981134020776,"Kbk","Kbk.3m
(Un)"
"324","Kbk.3m.Un",14,"stage2_DAM2",0.48080521079833,"Kbk","Kbk.3m
(Un)"
"325","Kbk.3m.Un",15,"homeostatic3",2.9338868371045,"Kbk","Kbk.3m
(Un)"
"326","Kbk.3m.Un",15,"stage1_DAM1",1.61229044269177,"Kbk","Kbk.3m
(Un)"
"327","Kbk.3m.Un",15,"stage2_DAM2",0.529559736208349,"Kbk","Kbk.3m
(Un)"
"328","Kbk.3m.Un",16,"homeostatic3",2.86590836546061,"Kbk","Kbk.3m
(Un)"
"329","Kbk.3m.Un",16,"stage1_DAM1",1.68144237442239,"Kbk","Kbk.3m
(Un)"
"330","Kbk.3m.Un",16,"stage2_DAM2",0.549481593548916,"Kbk","Kbk.3m
(Un)"
"331","Kbk.3m.Un",17,"homeostatic3",2.86977634795576,"Kbk","Kbk.3m
(Un)"
"332","Kbk.3m.Un",17,"stage1_DAM1",1.5781052523094,"Kbk","Kbk.3m
(Un)"
"333","Kbk.3m.Un",17,"stage2_DAM2",0.513460482055691,"Kbk","Kbk.3m
(Un)"
"334","Kbk.3m.Un",18,"homeostatic3",2.88004750043574,"Kbk","Kbk.3m
(Un)"
"335","Kbk.3m.Un",18,"stage1_DAM1",1.51900684266721,"Kbk","Kbk.3m
(Un)"
"336","Kbk.3m.Un",18,"stage2_DAM2",0.487639563366927,"Kbk","Kbk.3m
(Un)"
"337","Kbk.3m.Un",19,"homeostatic3",2.91544476286693,"Kbk","Kbk.3m
(Un)"
"338","Kbk.3m.Un",19,"stage1_DAM1",1.41986110817616,"Kbk","Kbk.3m
(Un)"
"339","Kbk.3m.Un",19,"stage2_DAM2",0.503061847402181,"Kbk","Kbk.3m
(Un)"
"340","Kbk.3m.Un",20,"homeostatic3",2.9038238581936,"Kbk","Kbk.3m
(Un)"
"341","Kbk.3m.Un",20,"stage1_DAM1",1.648238028224,"Kbk","Kbk.3m
(Un)"
"342","Kbk.3m.Un",20,"stage2_DAM2",0.545746649679865,"Kbk","Kbk.3m
(Un)"
"343","Kbk.3m.Un",21,"homeostatic3",2.93194524977203,"Kbk","Kbk.3m
(Un)"
"344","Kbk.3m.Un",21,"stage1_DAM1",1.51217721329787,"Kbk","Kbk.3m
(Un)"
"345","Kbk.3m.Un",21,"stage2_DAM2",0.57892719349562,"Kbk","Kbk.3m
(Un)"
"346","Kbk.3m.Un",22,"homeostatic3",2.9493596802876,"Kbk","Kbk.3m
(Un)"
"347","Kbk.3m.Un",22,"stage1_DAM1",1.63806292583537,"Kbk","Kbk.3m
(Un)"
"348","Kbk.3m.Un",22,"stage2_DAM2",0.575699686530609,"Kbk","Kbk.3m
(Un)"
"349","Kbk.3m.Un",23,"homeostatic3",2.92338830846249,"Kbk","Kbk.3m
(Un)"
"350","Kbk.3m.Un",23,"stage1_DAM1",1.61664083086523,"Kbk","Kbk.3m
(Un)"
"351","Kbk.3m.Un",23,"stage2_DAM2",0.541892022458481,"Kbk","Kbk.3m
(Un)"
"352","Kbk.3m.Un",24,"homeostatic3",2.67794712983654,"Kbk","Kbk.3m
(Un)"
"353","Kbk.3m.Un",24,"stage1_DAM1",1.80259286191144,"Kbk","Kbk.3m
(Un)"
"354","Kbk.3m.Un",24,"stage2_DAM2",0.461173699540166,"Kbk","Kbk.3m
(Un)"
"355","Kbk.3m.Un",25,"homeostatic3",2.96165220619475,"Kbk","Kbk.3m
(Un)"
"356","Kbk.3m.Un",25,"stage1_DAM1",2.0981915670288,"Kbk","Kbk.3m
(Un)"
"357","Kbk.3m.Un",25,"stage2_DAM2",0.798926548183341,"Kbk","Kbk.3m
(Un)"
"358","WT.1m.Un",1,"homeostatic3",2.9066793881071,"WT","WT.1m
(Un)"
"359","WT.1m.Un",1,"stage1_DAM1",1.6923455925511,"WT","WT.1m
(Un)"
"360","WT.1m.Un",1,"stage2_DAM2",0.456830694496108,"WT","WT.1m
(Un)"
"361","WT.1m.Un",2,"homeostatic3",2.9600821299785,"WT","WT.1m
(Un)"
"362","WT.1m.Un",2,"stage1_DAM1",1.76587791930071,"WT","WT.1m
(Un)"
"363","WT.1m.Un",2,"stage2_DAM2",0.574672822394541,"WT","WT.1m
(Un)"
"364","WT.1m.Un",3,"homeostatic3",2.97427948064303,"WT","WT.1m
(Un)"
"365","WT.1m.Un",3,"stage1_DAM1",1.66484843537292,"WT","WT.1m
(Un)"
"366","WT.1m.Un",3,"stage2_DAM2",0.347333368109872,"WT","WT.1m
(Un)"
"367","WT.1m.Un",4,"homeostatic3",2.87747662139703,"WT","WT.1m
(Un)"
"368","WT.1m.Un",4,"stage1_DAM1",1.76050309239061,"WT","WT.1m
(Un)"
"369","WT.1m.Un",4,"stage2_DAM2",0.438899517199409,"WT","WT.1m
(Un)"
"370","WT.1m.Un",6,"homeostatic3",3.10138046678922,"WT","WT.1m
(Un)"
"371","WT.1m.Un",6,"stage1_DAM1",1.87752285937399,"WT","WT.1m
(Un)"
"372","WT.1m.Un",6,"stage2_DAM2",0.683981262862064,"WT","WT.1m
(Un)"
"373","WT.1m.Un",7,"homeostatic3",2.83131022483023,"WT","WT.1m
(Un)"
"374","WT.1m.Un",7,"stage1_DAM1",1.8338570393344,"WT","WT.1m
(Un)"
"375","WT.1m.Un",7,"stage2_DAM2",0.410987374496892,"WT","WT.1m
(Un)"
"376","WT.1m.Un",8,"homeostatic3",2.75041897222855,"WT","WT.1m
(Un)"
"377","WT.1m.Un",8,"stage1_DAM1",1.7112411320829,"WT","WT.1m
(Un)"
"378","WT.1m.Un",8,"stage2_DAM2",0.343355793814757,"WT","WT.1m
(Un)"
"379","WT.1m.Un",9,"homeostatic3",2.77696396087515,"WT","WT.1m
(Un)"
"380","WT.1m.Un",9,"stage1_DAM1",1.64044531741478,"WT","WT.1m
(Un)"
"381","WT.1m.Un",9,"stage2_DAM2",0.328852742966899,"WT","WT.1m
(Un)"
"382","WT.1m.Un",10,"homeostatic3",2.77079973050006,"WT","WT.1m
(Un)"
"383","WT.1m.Un",10,"stage1_DAM1",1.47934675892029,"WT","WT.1m
(Un)"
"384","WT.1m.Un",10,"stage2_DAM2",0.429935490856692,"WT","WT.1m
(Un)"
"385","WT.1m.Un",11,"homeostatic3",2.93592350384106,"WT","WT.1m
(Un)"
"386","WT.1m.Un",11,"stage1_DAM1",1.6123711783465,"WT","WT.1m
(Un)"
"387","WT.1m.Un",11,"stage2_DAM2",0.474394835175991,"WT","WT.1m
(Un)"
"388","WT.1m.Un",12,"homeostatic3",3.00624621223331,"WT","WT.1m
(Un)"
"389","WT.1m.Un",12,"stage1_DAM1",1.77995559271411,"WT","WT.1m
(Un)"
"390","WT.1m.Un",12,"stage2_DAM2",0.536236792483473,"WT","WT.1m
(Un)"
"391","WT.1m.Un",13,"homeostatic3",2.90573810093987,"WT","WT.1m
(Un)"
"392","WT.1m.Un",13,"stage1_DAM1",1.35051118241174,"WT","WT.1m
(Un)"
"393","WT.1m.Un",13,"stage2_DAM2",0.463182049018933,"WT","WT.1m
(Un)"
"394","WT.1m.Un",14,"homeostatic3",2.9285598489594,"WT","WT.1m
(Un)"
"395","WT.1m.Un",14,"stage1_DAM1",1.70215697984068,"WT","WT.1m
(Un)"
"396","WT.1m.Un",14,"stage2_DAM2",0.536704155716862,"WT","WT.1m
(Un)"
"397","WT.1m.Un",15,"homeostatic3",2.83910560867505,"WT","WT.1m
(Un)"
"398","WT.1m.Un",15,"stage1_DAM1",1.78619240375145,"WT","WT.1m
(Un)"
"399","WT.1m.Un",15,"stage2_DAM2",0.477056276728469,"WT","WT.1m
(Un)"
"400","WT.1m.Un",16,"homeostatic3",2.8596697831371,"WT","WT.1m
(Un)"
"401","WT.1m.Un",16,"stage1_DAM1",1.77570891647054,"WT","WT.1m
(Un)"
"402","WT.1m.Un",16,"stage2_DAM2",0.506259197667681,"WT","WT.1m
(Un)"
"403","WT.1m.Un",17,"homeostatic3",2.84629528980094,"WT","WT.1m
(Un)"
"404","WT.1m.Un",17,"stage1_DAM1",1.72190882577243,"WT","WT.1m
(Un)"
"405","WT.1m.Un",17,"stage2_DAM2",0.48425915468089,"WT","WT.1m
(Un)"
"406","WT.1m.Un",18,"homeostatic3",2.85521010566227,"WT","WT.1m
(Un)"
"407","WT.1m.Un",18,"stage1_DAM1",1.53954385366757,"WT","WT.1m
(Un)"
"408","WT.1m.Un",18,"stage2_DAM2",0.468877146025563,"WT","WT.1m
(Un)"
"409","WT.1m.Un",19,"homeostatic3",2.89394791439334,"WT","WT.1m
(Un)"
"410","WT.1m.Un",19,"stage1_DAM1",1.50989388204572,"WT","WT.1m
(Un)"
"411","WT.1m.Un",19,"stage2_DAM2",0.490236014921789,"WT","WT.1m
(Un)"
"412","WT.1m.Un",20,"homeostatic3",2.87926422245887,"WT","WT.1m
(Un)"
"413","WT.1m.Un",20,"stage1_DAM1",1.60523949837855,"WT","WT.1m
(Un)"
"414","WT.1m.Un",20,"stage2_DAM2",0.498454635596545,"WT","WT.1m
(Un)"
"415","WT.1m.Un",21,"homeostatic3",2.85099450076731,"WT","WT.1m
(Un)"
"416","WT.1m.Un",21,"stage1_DAM1",1.57521368362153,"WT","WT.1m
(Un)"
"417","WT.1m.Un",21,"stage2_DAM2",0.486917821715575,"WT","WT.1m
(Un)"
"418","WT.1m.Un",22,"homeostatic3",2.89261158332797,"WT","WT.1m
(Un)"
"419","WT.1m.Un",22,"stage1_DAM1",1.63340758923998,"WT","WT.1m
(Un)"
"420","WT.1m.Un",22,"stage2_DAM2",0.547048321632051,"WT","WT.1m
(Un)"
"421","WT.1m.Un",23,"homeostatic3",2.88822337802428,"WT","WT.1m
(Un)"
"422","WT.1m.Un",23,"stage1_DAM1",1.71179053790938,"WT","WT.1m
(Un)"
"423","WT.1m.Un",23,"stage2_DAM2",0.523708699039302,"WT","WT.1m
(Un)"
"424","WT.1m.Un",24,"homeostatic3",2.8083491645271,"WT","WT.1m
(Un)"
"425","WT.1m.Un",24,"stage1_DAM1",1.75145461804839,"WT","WT.1m
(Un)"
"426","WT.1m.Un",24,"stage2_DAM2",0.495287521816761,"WT","WT.1m
(Un)"
"427","WT.1m.Un",25,"homeostatic3",2.91148283374122,"WT","WT.1m
(Un)"
"428","WT.1m.Un",25,"stage1_DAM1",2.06845974988393,"WT","WT.1m
(Un)"
"429","WT.1m.Un",25,"stage2_DAM2",0.690793429978225,"WT","WT.1m
(Un)"
"430","WT.3m.DCF",1,"homeostatic3",2.94876551442214,"WT","WT.3m
(HPBCD)"
"431","WT.3m.DCF",1,"stage1_DAM1",1.9506635659155,"WT","WT.3m
(HPBCD)"
"432","WT.3m.DCF",1,"stage2_DAM2",0.634599271906115,"WT","WT.3m
(HPBCD)"
"433","WT.3m.DCF",2,"homeostatic3",3.1008971589978,"WT","WT.3m
(HPBCD)"
"434","WT.3m.DCF",2,"stage1_DAM1",1.57363871077295,"WT","WT.3m
(HPBCD)"
"435","WT.3m.DCF",2,"stage2_DAM2",0.613795019306935,"WT","WT.3m
(HPBCD)"
"436","WT.3m.DCF",4,"homeostatic3",3.04649329339828,"WT","WT.3m
(HPBCD)"
"437","WT.3m.DCF",4,"stage1_DAM1",1.41647148186666,"WT","WT.3m
(HPBCD)"
"438","WT.3m.DCF",4,"stage2_DAM2",0.632796837907571,"WT","WT.3m
(HPBCD)"
"439","WT.3m.DCF",6,"homeostatic3",3.11204126161599,"WT","WT.3m
(HPBCD)"
"440","WT.3m.DCF",6,"stage1_DAM1",1.56212371212365,"WT","WT.3m
(HPBCD)"
"441","WT.3m.DCF",6,"stage2_DAM2",0.705374758581041,"WT","WT.3m
(HPBCD)"
"442","WT.3m.DCF",9,"homeostatic3",2.97249195084517,"WT","WT.3m
(HPBCD)"
"443","WT.3m.DCF",9,"stage1_DAM1",1.62661736046412,"WT","WT.3m
(HPBCD)"
"444","WT.3m.DCF",9,"stage2_DAM2",0.387938137780283,"WT","WT.3m
(HPBCD)"
"445","WT.3m.DCF",11,"homeostatic3",3.00563762840195,"WT","WT.3m
(HPBCD)"
"446","WT.3m.DCF",11,"stage1_DAM1",1.70796712947985,"WT","WT.3m
(HPBCD)"
"447","WT.3m.DCF",11,"stage2_DAM2",0.536933995637446,"WT","WT.3m
(HPBCD)"
"448","WT.3m.DCF",12,"homeostatic3",2.68350136330224,"WT","WT.3m
(HPBCD)"
"449","WT.3m.DCF",12,"stage1_DAM1",1.68337674602055,"WT","WT.3m
(HPBCD)"
"450","WT.3m.DCF",12,"stage2_DAM2",0.532461252243948,"WT","WT.3m
(HPBCD)"
"451","WT.3m.DCF",14,"homeostatic3",2.93692513087423,"WT","WT.3m
(HPBCD)"
"452","WT.3m.DCF",14,"stage1_DAM1",1.53142108891816,"WT","WT.3m
(HPBCD)"
"453","WT.3m.DCF",14,"stage2_DAM2",0.471376186586816,"WT","WT.3m
(HPBCD)"
"454","WT.3m.DCF",15,"homeostatic3",2.93496168520445,"WT","WT.3m
(HPBCD)"
"455","WT.3m.DCF",15,"stage1_DAM1",1.78759162486175,"WT","WT.3m
(HPBCD)"
"456","WT.3m.DCF",15,"stage2_DAM2",0.573334867362839,"WT","WT.3m
(HPBCD)"
"457","WT.3m.DCF",16,"homeostatic3",2.85172249476851,"WT","WT.3m
(HPBCD)"
"458","WT.3m.DCF",16,"stage1_DAM1",1.79702527992885,"WT","WT.3m
(HPBCD)"
"459","WT.3m.DCF",16,"stage2_DAM2",0.562053109422191,"WT","WT.3m
(HPBCD)"
"460","WT.3m.DCF",17,"homeostatic3",2.85761128334629,"WT","WT.3m
(HPBCD)"
"461","WT.3m.DCF",17,"stage1_DAM1",1.67670388285782,"WT","WT.3m
(HPBCD)"
"462","WT.3m.DCF",17,"stage2_DAM2",0.51627588453175,"WT","WT.3m
(HPBCD)"
"463","WT.3m.DCF",18,"homeostatic3",2.88840007953818,"WT","WT.3m
(HPBCD)"
"464","WT.3m.DCF",18,"stage1_DAM1",1.58780562157171,"WT","WT.3m
(HPBCD)"
"465","WT.3m.DCF",18,"stage2_DAM2",0.517185648074846,"WT","WT.3m
(HPBCD)"
"466","WT.3m.DCF",19,"homeostatic3",2.89966690395518,"WT","WT.3m
(HPBCD)"
"467","WT.3m.DCF",19,"stage1_DAM1",1.4772251590181,"WT","WT.3m
(HPBCD)"
"468","WT.3m.DCF",19,"stage2_DAM2",0.511655953265361,"WT","WT.3m
(HPBCD)"
"469","WT.3m.DCF",20,"homeostatic3",2.85064932219957,"WT","WT.3m
(HPBCD)"
"470","WT.3m.DCF",20,"stage1_DAM1",1.54733523116493,"WT","WT.3m
(HPBCD)"
"471","WT.3m.DCF",20,"stage2_DAM2",0.521782528290652,"WT","WT.3m
(HPBCD)"
"472","WT.3m.DCF",21,"homeostatic3",2.86879629156376,"WT","WT.3m
(HPBCD)"
"473","WT.3m.DCF",21,"stage1_DAM1",1.52207021839303,"WT","WT.3m
(HPBCD)"
"474","WT.3m.DCF",21,"stage2_DAM2",0.522969194933083,"WT","WT.3m
(HPBCD)"
"475","WT.3m.DCF",22,"homeostatic3",2.91299951088997,"WT","WT.3m
(HPBCD)"
"476","WT.3m.DCF",22,"stage1_DAM1",1.58959342911254,"WT","WT.3m
(HPBCD)"
"477","WT.3m.DCF",22,"stage2_DAM2",0.561049454606831,"WT","WT.3m
(HPBCD)"
"478","WT.3m.DCF",23,"homeostatic3",2.89167748790516,"WT","WT.3m
(HPBCD)"
"479","WT.3m.DCF",23,"stage1_DAM1",1.54486691022597,"WT","WT.3m
(HPBCD)"
"480","WT.3m.DCF",23,"stage2_DAM2",0.524203546658732,"WT","WT.3m
(HPBCD)"
"481","WT.3m.DCF",24,"homeostatic3",2.97654014286375,"WT","WT.3m
(HPBCD)"
"482","WT.3m.DCF",24,"stage1_DAM1",1.71934460922523,"WT","WT.3m
(HPBCD)"
"483","WT.3m.DCF",24,"stage2_DAM2",0.566762809033376,"WT","WT.3m
(HPBCD)"
"484","WT.3m.DCF",25,"homeostatic3",2.92571904687195,"WT","WT.3m
(HPBCD)"
"485","WT.3m.DCF",25,"stage1_DAM1",1.84286323049137,"WT","WT.3m
(HPBCD)"
"486","WT.3m.DCF",25,"stage2_DAM2",0.712722220450453,"WT","WT.3m
(HPBCD)"
"487","WT.3m.DMSO_PEG",1,"homeostatic3",3.0267258387099,"WT","WT.3m
(PEG)"
"488","WT.3m.DMSO_PEG",1,"stage1_DAM1",1.52853398583053,"WT","WT.3m
(PEG)"
"489","WT.3m.DMSO_PEG",1,"stage2_DAM2",0.586680032093655,"WT","WT.3m
(PEG)"
"490","WT.3m.DMSO_PEG",2,"homeostatic3",3.03220285285735,"WT","WT.3m
(PEG)"
"491","WT.3m.DMSO_PEG",2,"stage1_DAM1",1.59791347994833,"WT","WT.3m
(PEG)"
"492","WT.3m.DMSO_PEG",2,"stage2_DAM2",0.66736468628412,"WT","WT.3m
(PEG)"
"493","WT.3m.DMSO_PEG",4,"homeostatic3",2.80271847415258,"WT","WT.3m
(PEG)"
"494","WT.3m.DMSO_PEG",4,"stage1_DAM1",1.82997749854085,"WT","WT.3m
(PEG)"
"495","WT.3m.DMSO_PEG",4,"stage2_DAM2",0.537439584023319,"WT","WT.3m
(PEG)"
"496","WT.3m.DMSO_PEG",6,"homeostatic3",3.12923031169382,"WT","WT.3m
(PEG)"
"497","WT.3m.DMSO_PEG",6,"stage1_DAM1",1.73570847075733,"WT","WT.3m
(PEG)"
"498","WT.3m.DMSO_PEG",6,"stage2_DAM2",0.67598310896223,"WT","WT.3m
(PEG)"
"499","WT.3m.DMSO_PEG",11,"homeostatic3",2.95252761767549,"WT","WT.3m
(PEG)"
"500","WT.3m.DMSO_PEG",11,"stage1_DAM1",1.55873246943741,"WT","WT.3m
(PEG)"
"501","WT.3m.DMSO_PEG",11,"stage2_DAM2",0.51394467712187,"WT","WT.3m
(PEG)"
"502","WT.3m.DMSO_PEG",12,"homeostatic3",2.91549253863792,"WT","WT.3m
(PEG)"
"503","WT.3m.DMSO_PEG",12,"stage1_DAM1",1.92833585135654,"WT","WT.3m
(PEG)"
"504","WT.3m.DMSO_PEG",12,"stage2_DAM2",0.347274994491026,"WT","WT.3m
(PEG)"
"505","WT.3m.DMSO_PEG",14,"homeostatic3",2.95572876949076,"WT","WT.3m
(PEG)"
"506","WT.3m.DMSO_PEG",14,"stage1_DAM1",1.69215665305586,"WT","WT.3m
(PEG)"
"507","WT.3m.DMSO_PEG",14,"stage2_DAM2",0.655078885480595,"WT","WT.3m
(PEG)"
"508","WT.3m.DMSO_PEG",15,"homeostatic3",2.87887010945361,"WT","WT.3m
(PEG)"
"509","WT.3m.DMSO_PEG",15,"stage1_DAM1",1.75166304691881,"WT","WT.3m
(PEG)"
"510","WT.3m.DMSO_PEG",15,"stage2_DAM2",0.735178724779627,"WT","WT.3m
(PEG)"
"511","WT.3m.DMSO_PEG",16,"homeostatic3",2.84947422370837,"WT","WT.3m
(PEG)"
"512","WT.3m.DMSO_PEG",16,"stage1_DAM1",1.65062457003591,"WT","WT.3m
(PEG)"
"513","WT.3m.DMSO_PEG",16,"stage2_DAM2",0.540463790294571,"WT","WT.3m
(PEG)"
"514","WT.3m.DMSO_PEG",17,"homeostatic3",2.86291123833453,"WT","WT.3m
(PEG)"
"515","WT.3m.DMSO_PEG",17,"stage1_DAM1",1.54493332772267,"WT","WT.3m
(PEG)"
"516","WT.3m.DMSO_PEG",17,"stage2_DAM2",0.475140955239901,"WT","WT.3m
(PEG)"
"517","WT.3m.DMSO_PEG",18,"homeostatic3",2.84484821112633,"WT","WT.3m
(PEG)"
"518","WT.3m.DMSO_PEG",18,"stage1_DAM1",1.53836840156741,"WT","WT.3m
(PEG)"
"519","WT.3m.DMSO_PEG",18,"stage2_DAM2",0.481486378526597,"WT","WT.3m
(PEG)"
"520","WT.3m.DMSO_PEG",19,"homeostatic3",2.89762367871488,"WT","WT.3m
(PEG)"
"521","WT.3m.DMSO_PEG",19,"stage1_DAM1",1.43512840576103,"WT","WT.3m
(PEG)"
"522","WT.3m.DMSO_PEG",19,"stage2_DAM2",0.507795044762505,"WT","WT.3m
(PEG)"
"523","WT.3m.DMSO_PEG",20,"homeostatic3",2.86423851998404,"WT","WT.3m
(PEG)"
"524","WT.3m.DMSO_PEG",20,"stage1_DAM1",1.52170584906306,"WT","WT.3m
(PEG)"
"525","WT.3m.DMSO_PEG",20,"stage2_DAM2",0.513682879731184,"WT","WT.3m
(PEG)"
"526","WT.3m.DMSO_PEG",21,"homeostatic3",2.89191163380525,"WT","WT.3m
(PEG)"
"527","WT.3m.DMSO_PEG",21,"stage1_DAM1",1.44735712960723,"WT","WT.3m
(PEG)"
"528","WT.3m.DMSO_PEG",21,"stage2_DAM2",0.499445170275313,"WT","WT.3m
(PEG)"
"529","WT.3m.DMSO_PEG",22,"homeostatic3",2.92218494909462,"WT","WT.3m
(PEG)"
"530","WT.3m.DMSO_PEG",22,"stage1_DAM1",1.53949762414891,"WT","WT.3m
(PEG)"
"531","WT.3m.DMSO_PEG",22,"stage2_DAM2",0.544402203740992,"WT","WT.3m
(PEG)"
"532","WT.3m.DMSO_PEG",23,"homeostatic3",2.88366961596229,"WT","WT.3m
(PEG)"
"533","WT.3m.DMSO_PEG",23,"stage1_DAM1",1.55888809544441,"WT","WT.3m
(PEG)"
"534","WT.3m.DMSO_PEG",23,"stage2_DAM2",0.511952866369457,"WT","WT.3m
(PEG)"
"535","WT.3m.DMSO_PEG",24,"homeostatic3",2.99462642553321,"WT","WT.3m
(PEG)"
"536","WT.3m.DMSO_PEG",24,"stage1_DAM1",1.66206059459788,"WT","WT.3m
(PEG)"
"537","WT.3m.DMSO_PEG",24,"stage2_DAM2",0.491927792359454,"WT","WT.3m
(PEG)"
"538","WT.3m.DMSO_PEG",25,"homeostatic3",2.89551529298104,"WT","WT.3m
(PEG)"
"539","WT.3m.DMSO_PEG",25,"stage1_DAM1",2.13364212780494,"WT","WT.3m
(PEG)"
"540","WT.3m.DMSO_PEG",25,"stage2_DAM2",0.772609586211274,"WT","WT.3m
(PEG)"
"541","WT.3m.TCF",1,"homeostatic3",2.88271094455758,"WT","WT.3m
(TCF)"
"542","WT.3m.TCF",1,"stage1_DAM1",1.67178259082796,"WT","WT.3m
(TCF)"
"543","WT.3m.TCF",1,"stage2_DAM2",0.617044836593761,"WT","WT.3m
(TCF)"
"544","WT.3m.TCF",2,"homeostatic3",3.09055823096851,"WT","WT.3m
(TCF)"
"545","WT.3m.TCF",2,"stage1_DAM1",1.62388002404383,"WT","WT.3m
(TCF)"
"546","WT.3m.TCF",2,"stage2_DAM2",0.701690171002557,"WT","WT.3m
(TCF)"
"547","WT.3m.TCF",3,"homeostatic3",2.9705335360016,"WT","WT.3m
(TCF)"
"548","WT.3m.TCF",3,"stage1_DAM1",1.71256191097681,"WT","WT.3m
(TCF)"
"549","WT.3m.TCF",3,"stage2_DAM2",0.197814158461675,"WT","WT.3m
(TCF)"
"550","WT.3m.TCF",4,"homeostatic3",3.12017260933726,"WT","WT.3m
(TCF)"
"551","WT.3m.TCF",4,"stage1_DAM1",1.63278991919684,"WT","WT.3m
(TCF)"
"552","WT.3m.TCF",4,"stage2_DAM2",0.591757070193757,"WT","WT.3m
(TCF)"
"553","WT.3m.TCF",6,"homeostatic3",3.13699547793212,"WT","WT.3m
(TCF)"
"554","WT.3m.TCF",6,"stage1_DAM1",1.7940119347965,"WT","WT.3m
(TCF)"
"555","WT.3m.TCF",6,"stage2_DAM2",0.739228987367956,"WT","WT.3m
(TCF)"
"556","WT.3m.TCF",7,"homeostatic3",2.9340870824346,"WT","WT.3m
(TCF)"
"557","WT.3m.TCF",7,"stage1_DAM1",1.40193843663899,"WT","WT.3m
(TCF)"
"558","WT.3m.TCF",7,"stage2_DAM2",0.460360620413882,"WT","WT.3m
(TCF)"
"559","WT.3m.TCF",9,"homeostatic3",2.82776520050271,"WT","WT.3m
(TCF)"
"560","WT.3m.TCF",9,"stage1_DAM1",1.39556371931643,"WT","WT.3m
(TCF)"
"561","WT.3m.TCF",9,"stage2_DAM2",0.436678831743788,"WT","WT.3m
(TCF)"
"562","WT.3m.TCF",10,"homeostatic3",3.04211605456261,"WT","WT.3m
(TCF)"
"563","WT.3m.TCF",10,"stage1_DAM1",1.41752198303606,"WT","WT.3m
(TCF)"
"564","WT.3m.TCF",10,"stage2_DAM2",0.355469528866534,"WT","WT.3m
(TCF)"
"565","WT.3m.TCF",11,"homeostatic3",2.96140453842267,"WT","WT.3m
(TCF)"
"566","WT.3m.TCF",11,"stage1_DAM1",1.59435107959917,"WT","WT.3m
(TCF)"
"567","WT.3m.TCF",11,"stage2_DAM2",0.451872674960007,"WT","WT.3m
(TCF)"
"568","WT.3m.TCF",13,"homeostatic3",2.75462720103353,"WT","WT.3m
(TCF)"
"569","WT.3m.TCF",13,"stage1_DAM1",1.49076612484809,"WT","WT.3m
(TCF)"
"570","WT.3m.TCF",13,"stage2_DAM2",0.457361115203295,"WT","WT.3m
(TCF)"
"571","WT.3m.TCF",14,"homeostatic3",3.00646579158339,"WT","WT.3m
(TCF)"
"572","WT.3m.TCF",14,"stage1_DAM1",1.49462575282732,"WT","WT.3m
(TCF)"
"573","WT.3m.TCF",14,"stage2_DAM2",0.514198642134924,"WT","WT.3m
(TCF)"
"574","WT.3m.TCF",15,"homeostatic3",2.60099068608257,"WT","WT.3m
(TCF)"
"575","WT.3m.TCF",15,"stage1_DAM1",1.4301150093309,"WT","WT.3m
(TCF)"
"576","WT.3m.TCF",15,"stage2_DAM2",0.466340433263653,"WT","WT.3m
(TCF)"
"577","WT.3m.TCF",16,"homeostatic3",2.8825672467147,"WT","WT.3m
(TCF)"
"578","WT.3m.TCF",16,"stage1_DAM1",1.55851441732193,"WT","WT.3m
(TCF)"
"579","WT.3m.TCF",16,"stage2_DAM2",0.486680074050145,"WT","WT.3m
(TCF)"
"580","WT.3m.TCF",17,"homeostatic3",2.89010875344123,"WT","WT.3m
(TCF)"
"581","WT.3m.TCF",17,"stage1_DAM1",1.5541554689171,"WT","WT.3m
(TCF)"
"582","WT.3m.TCF",17,"stage2_DAM2",0.514122905195327,"WT","WT.3m
(TCF)"
"583","WT.3m.TCF",18,"homeostatic3",2.88910135061783,"WT","WT.3m
(TCF)"
"584","WT.3m.TCF",18,"stage1_DAM1",1.57467002353401,"WT","WT.3m
(TCF)"
"585","WT.3m.TCF",18,"stage2_DAM2",0.516992649436714,"WT","WT.3m
(TCF)"
"586","WT.3m.TCF",19,"homeostatic3",2.91371339801025,"WT","WT.3m
(TCF)"
"587","WT.3m.TCF",19,"stage1_DAM1",1.43219699679439,"WT","WT.3m
(TCF)"
"588","WT.3m.TCF",19,"stage2_DAM2",0.524175779456864,"WT","WT.3m
(TCF)"
"589","WT.3m.TCF",20,"homeostatic3",2.86850271157079,"WT","WT.3m
(TCF)"
"590","WT.3m.TCF",20,"stage1_DAM1",1.51603796258294,"WT","WT.3m
(TCF)"
"591","WT.3m.TCF",20,"stage2_DAM2",0.514555416905414,"WT","WT.3m
(TCF)"
"592","WT.3m.TCF",21,"homeostatic3",2.90309956294178,"WT","WT.3m
(TCF)"
"593","WT.3m.TCF",21,"stage1_DAM1",1.4937341407973,"WT","WT.3m
(TCF)"
"594","WT.3m.TCF",21,"stage2_DAM2",0.529503825673895,"WT","WT.3m
(TCF)"
"595","WT.3m.TCF",22,"homeostatic3",2.92654623199133,"WT","WT.3m
(TCF)"
"596","WT.3m.TCF",22,"stage1_DAM1",1.52829558320944,"WT","WT.3m
(TCF)"
"597","WT.3m.TCF",22,"stage2_DAM2",0.544902478000021,"WT","WT.3m
(TCF)"
"598","WT.3m.TCF",23,"homeostatic3",2.90599707548018,"WT","WT.3m
(TCF)"
"599","WT.3m.TCF",23,"stage1_DAM1",1.53210734681443,"WT","WT.3m
(TCF)"
"600","WT.3m.TCF",23,"stage2_DAM2",0.519582020955939,"WT","WT.3m
(TCF)"
"601","WT.3m.TCF",24,"homeostatic3",2.99362563626883,"WT","WT.3m
(TCF)"
"602","WT.3m.TCF",24,"stage1_DAM1",1.6956624774049,"WT","WT.3m
(TCF)"
"603","WT.3m.TCF",24,"stage2_DAM2",0.544034543486399,"WT","WT.3m
(TCF)"
"604","WT.3m.TCF",25,"homeostatic3",2.92165970525816,"WT","WT.3m
(TCF)"
"605","WT.3m.TCF",25,"stage1_DAM1",2.03532661665587,"WT","WT.3m
(TCF)"
"606","WT.3m.TCF",25,"stage2_DAM2",0.809282526952884,"WT","WT.3m
(TCF)"
"607","WT.3m.Un",1,"homeostatic3",2.88180541548097,"WT","WT.3m
(Un)"
"608","WT.3m.Un",1,"stage1_DAM1",1.51171110105002,"WT","WT.3m
(Un)"
"609","WT.3m.Un",1,"stage2_DAM2",0.478744102469385,"WT","WT.3m
(Un)"
"610","WT.3m.Un",2,"homeostatic3",2.95712039031097,"WT","WT.3m
(Un)"
"611","WT.3m.Un",2,"stage1_DAM1",1.49028197267983,"WT","WT.3m
(Un)"
"612","WT.3m.Un",2,"stage2_DAM2",0.518766201844357,"WT","WT.3m
(Un)"
"613","WT.3m.Un",3,"homeostatic3",2.87643843220065,"WT","WT.3m
(Un)"
"614","WT.3m.Un",3,"stage1_DAM1",1.62449169308293,"WT","WT.3m
(Un)"
"615","WT.3m.Un",3,"stage2_DAM2",0.449578473940201,"WT","WT.3m
(Un)"
"616","WT.3m.Un",4,"homeostatic3",2.91778065542324,"WT","WT.3m
(Un)"
"617","WT.3m.Un",4,"stage1_DAM1",1.63637991597447,"WT","WT.3m
(Un)"
"618","WT.3m.Un",4,"stage2_DAM2",0.527217937838101,"WT","WT.3m
(Un)"
"619","WT.3m.Un",6,"homeostatic3",3.10718971754238,"WT","WT.3m
(Un)"
"620","WT.3m.Un",6,"stage1_DAM1",1.52116694850722,"WT","WT.3m
(Un)"
"621","WT.3m.Un",6,"stage2_DAM2",0.629972849979538,"WT","WT.3m
(Un)"
"622","WT.3m.Un",7,"homeostatic3",2.8485509019415,"WT","WT.3m
(Un)"
"623","WT.3m.Un",7,"stage1_DAM1",1.71074584863496,"WT","WT.3m
(Un)"
"624","WT.3m.Un",7,"stage2_DAM2",0.516590851658195,"WT","WT.3m
(Un)"
"625","WT.3m.Un",8,"homeostatic3",2.78452651830556,"WT","WT.3m
(Un)"
"626","WT.3m.Un",8,"stage1_DAM1",1.64433642734682,"WT","WT.3m
(Un)"
"627","WT.3m.Un",8,"stage2_DAM2",0.38263850496457,"WT","WT.3m
(Un)"
"628","WT.3m.Un",9,"homeostatic3",2.76238246450652,"WT","WT.3m
(Un)"
"629","WT.3m.Un",9,"stage1_DAM1",1.50001336662809,"WT","WT.3m
(Un)"
"630","WT.3m.Un",9,"stage2_DAM2",0.42734550134622,"WT","WT.3m
(Un)"
"631","WT.3m.Un",10,"homeostatic3",2.82529172507242,"WT","WT.3m
(Un)"
"632","WT.3m.Un",10,"stage1_DAM1",1.52291154542419,"WT","WT.3m
(Un)"
"633","WT.3m.Un",10,"stage2_DAM2",0.501508690712235,"WT","WT.3m
(Un)"
"634","WT.3m.Un",11,"homeostatic3",2.8924749385031,"WT","WT.3m
(Un)"
"635","WT.3m.Un",11,"stage1_DAM1",1.41657015808361,"WT","WT.3m
(Un)"
"636","WT.3m.Un",11,"stage2_DAM2",0.450980210893378,"WT","WT.3m
(Un)"
"637","WT.3m.Un",12,"homeostatic3",2.87325305638545,"WT","WT.3m
(Un)"
"638","WT.3m.Un",12,"stage1_DAM1",1.54908155642256,"WT","WT.3m
(Un)"
"639","WT.3m.Un",12,"stage2_DAM2",0.420517094938375,"WT","WT.3m
(Un)"
"640","WT.3m.Un",13,"homeostatic3",2.86184242202592,"WT","WT.3m
(Un)"
"641","WT.3m.Un",13,"stage1_DAM1",1.49184234490754,"WT","WT.3m
(Un)"
"642","WT.3m.Un",13,"stage2_DAM2",0.409172517462055,"WT","WT.3m
(Un)"
"643","WT.3m.Un",14,"homeostatic3",2.85182129389036,"WT","WT.3m
(Un)"
"644","WT.3m.Un",14,"stage1_DAM1",1.54746570998379,"WT","WT.3m
(Un)"
"645","WT.3m.Un",14,"stage2_DAM2",0.46165880851352,"WT","WT.3m
(Un)"
"646","WT.3m.Un",15,"homeostatic3",2.85955653081269,"WT","WT.3m
(Un)"
"647","WT.3m.Un",15,"stage1_DAM1",1.67569528793122,"WT","WT.3m
(Un)"
"648","WT.3m.Un",15,"stage2_DAM2",0.558326416187696,"WT","WT.3m
(Un)"
"649","WT.3m.Un",16,"homeostatic3",2.89633256314608,"WT","WT.3m
(Un)"
"650","WT.3m.Un",16,"stage1_DAM1",1.68837957621511,"WT","WT.3m
(Un)"
"651","WT.3m.Un",16,"stage2_DAM2",0.516920913549448,"WT","WT.3m
(Un)"
"652","WT.3m.Un",17,"homeostatic3",2.86766712927686,"WT","WT.3m
(Un)"
"653","WT.3m.Un",17,"stage1_DAM1",1.45511063703993,"WT","WT.3m
(Un)"
"654","WT.3m.Un",17,"stage2_DAM2",0.47114722808998,"WT","WT.3m
(Un)"
"655","WT.3m.Un",18,"homeostatic3",2.90881332427673,"WT","WT.3m
(Un)"
"656","WT.3m.Un",18,"stage1_DAM1",1.55072675493262,"WT","WT.3m
(Un)"
"657","WT.3m.Un",18,"stage2_DAM2",0.5277788289913,"WT","WT.3m
(Un)"
"658","WT.3m.Un",19,"homeostatic3",2.90815239720008,"WT","WT.3m
(Un)"
"659","WT.3m.Un",19,"stage1_DAM1",1.4835497911009,"WT","WT.3m
(Un)"
"660","WT.3m.Un",19,"stage2_DAM2",0.554072905403758,"WT","WT.3m
(Un)"
"661","WT.3m.Un",20,"homeostatic3",2.88645611053114,"WT","WT.3m
(Un)"
"662","WT.3m.Un",20,"stage1_DAM1",1.53803752949082,"WT","WT.3m
(Un)"
"663","WT.3m.Un",20,"stage2_DAM2",0.535707209526834,"WT","WT.3m
(Un)"
"664","WT.3m.Un",21,"homeostatic3",2.91227258563108,"WT","WT.3m
(Un)"
"665","WT.3m.Un",21,"stage1_DAM1",1.57015606657211,"WT","WT.3m
(Un)"
"666","WT.3m.Un",21,"stage2_DAM2",0.536345050034062,"WT","WT.3m
(Un)"
"667","WT.3m.Un",22,"homeostatic3",2.94179720294132,"WT","WT.3m
(Un)"
"668","WT.3m.Un",22,"stage1_DAM1",1.54951814044419,"WT","WT.3m
(Un)"
"669","WT.3m.Un",22,"stage2_DAM2",0.558162697366443,"WT","WT.3m
(Un)"
"670","WT.3m.Un",23,"homeostatic3",2.89153507153066,"WT","WT.3m
(Un)"
"671","WT.3m.Un",23,"stage1_DAM1",1.64091567876961,"WT","WT.3m
(Un)"
"672","WT.3m.Un",23,"stage2_DAM2",0.55518914852487,"WT","WT.3m
(Un)"
"673","WT.3m.Un",24,"homeostatic3",2.90810911809347,"WT","WT.3m
(Un)"
"674","WT.3m.Un",24,"stage1_DAM1",1.73460295925163,"WT","WT.3m
(Un)"
"675","WT.3m.Un",24,"stage2_DAM2",0.506722020864587,"WT","WT.3m
(Un)"
"676","WT.3m.Un",25,"homeostatic3",2.91246972626861,"WT","WT.3m
(Un)"
"677","WT.3m.Un",25,"stage1_DAM1",1.79383473198538,"WT","WT.3m
(Un)"
"678","WT.3m.Un",25,"stage2_DAM2",0.682248461113762,"WT","WT.3m
(Un)"
